Accuracy,Precision,Recall,Specificity,F1 Score,PPV,NPV,ROC AUC,Confusion Matrix
0.749,0.4817708333333333,0.7805907172995781,0.7391874180865007,0.5958132045088567,0.4817708333333333,0.9155844155844156,0.845900315764443,"[[564 199]
 [ 52 185]]"
